-- By Stalker Riddick
TRUNCATE `game_event`;
INSERT INTO `game_event` (`entry`, `start_time`, `end_time`, `occurence`, `length`, `holiday`, `description`, `world_event`) VALUES (1, '2010-06-21 08:01:00', '2020-12-31 06:00:00', 525600, 20160, 341, 'Midsummer Fire Festival', 0);
INSERT INTO `game_event` (`entry`, `start_time`, `end_time`, `occurence`, `length`, `holiday`, `description`, `world_event`) VALUES (2, '2010-12-15 14:00:00', '2020-12-31 06:00:00', 525600, 25920, 141, 'Winter Veil', 0);
INSERT INTO `game_event` (`entry`, `start_time`, `end_time`, `occurence`, `length`, `holiday`, `description`, `world_event`) VALUES (3, '2010-01-31 08:01:00', '2020-12-31 06:00:00', 131040, 8639, 376, 'Darkmoon Faire (Terokkar Forest)', 0);
INSERT INTO `game_event` (`entry`, `start_time`, `end_time`, `occurence`, `length`, `holiday`, `description`, `world_event`) VALUES (4, '2010-02-28 08:01:00', '2020-12-31 06:00:00', 131040, 8639, 374, 'Darkmoon Faire (Elwynn Forest)', 0);
INSERT INTO `game_event` (`entry`, `start_time`, `end_time`, `occurence`, `length`, `holiday`, `description`, `world_event`) VALUES (5, '2010-04-04 08:01:00', '2020-12-31 06:00:00', 131040, 8639, 375, 'Darkmoon Faire (Mulgore)', 0);
INSERT INTO `game_event` (`entry`, `start_time`, `end_time`, `occurence`, `length`, `holiday`, `description`, `world_event`) VALUES (6, '2010-01-01 07:00:00', '2020-12-31 06:00:00', 525600, 120, 0, 'New Year\'s Eve', 0);
INSERT INTO `game_event` (`entry`, `start_time`, `end_time`, `occurence`, `length`, `holiday`, `description`, `world_event`) VALUES (7, '2010-02-12 14:00:00', '2020-12-31 06:00:00', 525600, 27360, 327, 'Lunar Festival', 0);
INSERT INTO `game_event` (`entry`, `start_time`, `end_time`, `occurence`, `length`, `holiday`, `description`, `world_event`) VALUES (8, '2010-02-11 14:00:00', '2020-12-31 06:00:00', 525600, 7200, 335, 'Love is in the Air', 0);
INSERT INTO `game_event` (`entry`, `start_time`, `end_time`, `occurence`, `length`, `holiday`, `description`, `world_event`) VALUES (9, '2010-04-04 08:01:00', '2020-12-31 06:00:00', 524160, 1440, 181, 'Noblegarden', 0);
INSERT INTO `game_event` (`entry`, `start_time`, `end_time`, `occurence`, `length`, `holiday`, `description`, `world_event`) VALUES (10, '2010-05-02 08:01:00', '2020-12-31 06:00:00', 525600, 10080, 201, 'Children\'s Week ', 0);
INSERT INTO `game_event` (`entry`, `start_time`, `end_time`, `occurence`, `length`, `holiday`, `description`, `world_event`) VALUES (11, '2010-09-16 08:01:00', '2020-12-31 06:00:00', 525600, 10080, 321, 'Harvest Festival', 0);
INSERT INTO `game_event` (`entry`, `start_time`, `end_time`, `occurence`, `length`, `holiday`, `description`, `world_event`) VALUES (12, '2010-10-18 09:00:00', '2020-12-31 06:00:00', 525600, 20160, 324, 'Hallow\'s End', 0);
INSERT INTO `game_event` (`entry`, `start_time`, `end_time`, `occurence`, `length`, `holiday`, `description`, `world_event`) VALUES (22, '0000-00-00 00:00:00', '0000-00-00 00:00:00', 525600, 1, 0, 'AQ War Effort', 0);
INSERT INTO `game_event` (`entry`, `start_time`, `end_time`, `occurence`, `length`, `holiday`, `description`, `world_event`) VALUES (17, '0000-00-00 00:00:00', '0000-00-00 00:00:00', 525600, 1, 0, 'Scourge Invasion', 0);
INSERT INTO `game_event` (`entry`, `start_time`, `end_time`, `occurence`, `length`, `holiday`, `description`, `world_event`) VALUES (13, '0000-00-00 00:00:00', '0000-00-00 00:00:00', 525600, 1, 0, 'Elemental Invasions', 0);
INSERT INTO `game_event` (`entry`, `start_time`, `end_time`, `occurence`, `length`, `holiday`, `description`, `world_event`) VALUES (14, '2009-01-04 13:00:00', '2020-12-31 06:00:00', 10080, 300, 0, 'Fishing Extravaganza Announce', 0);
INSERT INTO `game_event` (`entry`, `start_time`, `end_time`, `occurence`, `length`, `holiday`, `description`, `world_event`) VALUES (16, '2007-08-05 05:00:00', '2020-12-31 06:00:00', 180, 120, 0, 'Gurubashi Arena Booty Run', 0);
INSERT INTO `game_event` (`entry`, `start_time`, `end_time`, `occurence`, `length`, `holiday`, `description`, `world_event`) VALUES (15, '2009-01-04 19:00:00', '2020-12-31 06:00:00', 10080, 120, 301, 'Fishing Extravaganza', 0);
INSERT INTO `game_event` (`entry`, `start_time`, `end_time`, `occurence`, `length`, `holiday`, `description`, `world_event`) VALUES (18, '2009-01-24 04:00:00', '2020-12-31 06:00:00', 40320, 6240, 283, 'Call to Arms: Alterac Valley!', 0);
INSERT INTO `game_event` (`entry`, `start_time`, `end_time`, `occurence`, `length`, `holiday`, `description`, `world_event`) VALUES (19, '2009-01-31 04:00:00', '2020-12-31 06:00:00', 40320, 6240, 284, 'Call to Arms: Warsong Gulch!', 0);
INSERT INTO `game_event` (`entry`, `start_time`, `end_time`, `occurence`, `length`, `holiday`, `description`, `world_event`) VALUES (20, '2009-01-10 04:00:00', '2020-12-31 06:00:00', 40320, 6240, 285, 'Call to Arms: Arathi Basin!', 0);
INSERT INTO `game_event` (`entry`, `start_time`, `end_time`, `occurence`, `length`, `holiday`, `description`, `world_event`) VALUES (21, '2009-01-17 04:00:00', '2020-12-31 06:00:00', 40320, 6240, 353, 'Call to Arms: Eye of the Storm!', 0);
INSERT INTO `game_event` (`entry`, `start_time`, `end_time`, `occurence`, `length`, `holiday`, `description`, `world_event`) VALUES (23, '2010-02-25 08:01:00', '2020-12-31 06:00:00', 131040, 4320, 0, 'Darkmoon Faire Building (Elwynn Forest)', 0);
INSERT INTO `game_event` (`entry`, `start_time`, `end_time`, `occurence`, `length`, `holiday`, `description`, `world_event`) VALUES (24, '0000-00-00 00:00:00', '0000-00-00 00:00:00', 525600, 1, 0, 'Unknown Holiday PVP Event', 0);
INSERT INTO `game_event` (`entry`, `start_time`, `end_time`, `occurence`, `length`, `holiday`, `description`, `world_event`) VALUES (25, '0000-00-00 00:00:00', '0000-00-00 00:00:00', 525600, 1, 0, 'Call to Arms: Unknown Event', 0);
INSERT INTO `game_event` (`entry`, `start_time`, `end_time`, `occurence`, `length`, `holiday`, `description`, `world_event`) VALUES (26, '2010-09-20 08:01:00', '2020-12-31 06:00:00', 525600, 20160, 372, 'Brewfest', 0);
INSERT INTO `game_event` (`entry`, `start_time`, `end_time`, `occurence`, `length`, `holiday`, `description`, `world_event`) VALUES (27, '2008-01-02 03:00:00', '2020-12-31 06:00:00', 1440, 720, 0, 'Nights', 0);
INSERT INTO `game_event` (`entry`, `start_time`, `end_time`, `occurence`, `length`, `holiday`, `description`, `world_event`) VALUES (29, '2008-03-24 06:00:00', '2020-12-31 06:00:00', 86400, 21600, 0, 'Edge of Madness, Gri\'lek', 0);
INSERT INTO `game_event` (`entry`, `start_time`, `end_time`, `occurence`, `length`, `holiday`, `description`, `world_event`) VALUES (30, '2008-04-07 07:00:00', '2020-12-31 06:00:00', 86400, 21600, 0, 'Edge of Madness, Hazza\'rah', 0);
INSERT INTO `game_event` (`entry`, `start_time`, `end_time`, `occurence`, `length`, `holiday`, `description`, `world_event`) VALUES (31, '2008-04-21 07:00:00', '2020-12-31 06:00:00', 86400, 21600, 0, 'Edge of Madness, Renataki', 0);
INSERT INTO `game_event` (`entry`, `start_time`, `end_time`, `occurence`, `length`, `holiday`, `description`, `world_event`) VALUES (32, '2008-05-05 07:00:00', '2020-12-31 06:00:00', 86400, 21600, 0, 'Edge of Madness, Wushoolay', 0);
INSERT INTO `game_event` (`entry`, `start_time`, `end_time`, `occurence`, `length`, `holiday`, `description`, `world_event`) VALUES (28, '0000-00-00 00:00:00', '0000-00-00 00:00:00', 525600, 2880, 181, 'Noblegarden', 0);
INSERT INTO `game_event` (`entry`, `start_time`, `end_time`, `occurence`, `length`, `holiday`, `description`, `world_event`) VALUES (33, '0000-00-00 00:00:00', '0000-00-00 00:00:00', 5184000, 2592000, 0, 'Arena Tournament', 0);
INSERT INTO `game_event` (`entry`, `start_time`, `end_time`, `occurence`, `length`, `holiday`, `description`, `world_event`) VALUES (34, '2008-05-15 21:00:00', '2020-01-01 08:00:00', 10080, 5, 0, 'L70ETC Concert', 0);
INSERT INTO `game_event` (`entry`, `start_time`, `end_time`, `occurence`, `length`, `holiday`, `description`, `world_event`) VALUES (35, '0000-00-00 00:00:00', '0000-00-00 00:00:00', 5184000, 0, 0, 'Shattered Sun Offensive: Phase 1 - Reclaiming the Sanctum', 2);
INSERT INTO `game_event` (`entry`, `start_time`, `end_time`, `occurence`, `length`, `holiday`, `description`, `world_event`) VALUES (36, '0000-00-00 00:00:00', '0000-00-00 00:00:00', 5184000, 2592000, 0, 'Shattered Sun Offensive: Phase 1 - Reclaiming the Sanctum COMPLETE', 2);
INSERT INTO `game_event` (`entry`, `start_time`, `end_time`, `occurence`, `length`, `holiday`, `description`, `world_event`) VALUES (37, '0000-00-00 00:00:00', '0000-00-00 00:00:00', 5184000, 0, 0, 'Shattered Sun Offensive: Phase 2 - Sun\'s Reach Armory', 2);
INSERT INTO `game_event` (`entry`, `start_time`, `end_time`, `occurence`, `length`, `holiday`, `description`, `world_event`) VALUES (38, '0000-00-00 00:00:00', '0000-00-00 00:00:00', 5184000, 2592000, 0, 'Shattered Sun Offensive: Phase 2 - Sun\'s Reach Armory COMPLETE', 2);
INSERT INTO `game_event` (`entry`, `start_time`, `end_time`, `occurence`, `length`, `holiday`, `description`, `world_event`) VALUES (39, '0000-00-00 00:00:00', '0000-00-00 00:00:00', 5184000, 0, 0, 'Shattered Sun Offensive: Phase 2b - Activating the Sunwell Portal', 2);
INSERT INTO `game_event` (`entry`, `start_time`, `end_time`, `occurence`, `length`, `holiday`, `description`, `world_event`) VALUES (40, '0000-00-00 00:00:00', '0000-00-00 00:00:00', 5184000, 2592000, 0, 'Shattered Sun Offensive: Phase 2b - Activating the Sunwell Portal COMPLETE', 2);
INSERT INTO `game_event` (`entry`, `start_time`, `end_time`, `occurence`, `length`, `holiday`, `description`, `world_event`) VALUES (41, '0000-00-00 00:00:00', '0000-00-00 00:00:00', 5184000, 0, 0, 'Shattered Sun Offensive: Phase 3 - Sun\'s Reach Harbor', 2);
INSERT INTO `game_event` (`entry`, `start_time`, `end_time`, `occurence`, `length`, `holiday`, `description`, `world_event`) VALUES (42, '0000-00-00 00:00:00', '0000-00-00 00:00:00', 5184000, 2592000, 0, 'Shattered Sun Offensive: Phase 3 - Sun\'s Reach Harbor COMPLETE', 2);
INSERT INTO `game_event` (`entry`, `start_time`, `end_time`, `occurence`, `length`, `holiday`, `description`, `world_event`) VALUES (43, '0000-00-00 00:00:00', '0000-00-00 00:00:00', 5184000, 0, 0, 'Shattered Sun Offensive: Phase 3b - Rebuilding the Anvil and Forge', 2);
INSERT INTO `game_event` (`entry`, `start_time`, `end_time`, `occurence`, `length`, `holiday`, `description`, `world_event`) VALUES (44, '0000-00-00 00:00:00', '0000-00-00 00:00:00', 5184000, 2592000, 0, 'Shattered Sun Offensive: Phase 3b - Rebuilding the Anvil and Forge COMPLETE', 2);
INSERT INTO `game_event` (`entry`, `start_time`, `end_time`, `occurence`, `length`, `holiday`, `description`, `world_event`) VALUES (45, '0000-00-00 00:00:00', '0000-00-00 00:00:00', 5184000, 0, 0, 'Shattered Sun Offensive: Phase 4A - Creating the Alchemy Lab', 2);
INSERT INTO `game_event` (`entry`, `start_time`, `end_time`, `occurence`, `length`, `holiday`, `description`, `world_event`) VALUES (46, '0000-00-00 00:00:00', '0000-00-00 00:00:00', 5184000, 2592000, 0, 'Shattered Sun Offensive: Phase 4A - Creating the Alchemy Lab COMPLETE', 2);
INSERT INTO `game_event` (`entry`, `start_time`, `end_time`, `occurence`, `length`, `holiday`, `description`, `world_event`) VALUES (47, '0000-00-00 00:00:00', '0000-00-00 00:00:00', 5184000, 0, 0, 'Shattered Sun Offensive: Phase 4B - Building the Monument to the Fallen', 2);
INSERT INTO `game_event` (`entry`, `start_time`, `end_time`, `occurence`, `length`, `holiday`, `description`, `world_event`) VALUES (48, '0000-00-00 00:00:00', '0000-00-00 00:00:00', 5184000, 2592000, 0, 'Shattered Sun Offensive: Phase 4B - Building the Monument to the Fallen COMPLETE', 2);
INSERT INTO `game_event` (`entry`, `start_time`, `end_time`, `occurence`, `length`, `holiday`, `description`, `world_event`) VALUES (49, '0000-00-00 00:00:00', '0000-00-00 00:00:00', 5184000, 2592000, 0, 'Shattered Sun Offensive: Phase 4 - COMPLETE', 2);
INSERT INTO `game_event` (`entry`, `start_time`, `end_time`, `occurence`, `length`, `holiday`, `description`, `world_event`) VALUES (100, '2008-11-16 13:00:00', '2020-12-30 08:00:00', 23040, 1440, 0, 'Wanted: The Exarch\'s Soul Gem', 0);
INSERT INTO `game_event` (`entry`, `start_time`, `end_time`, `occurence`, `length`, `holiday`, `description`, `world_event`) VALUES (101, '2008-11-17 13:00:00', '2020-12-30 08:00:00', 23040, 1440, 0, 'Wanted: Nazan\'s Riding Crop', 0);
INSERT INTO `game_event` (`entry`, `start_time`, `end_time`, `occurence`, `length`, `holiday`, `description`, `world_event`) VALUES (102, '2008-11-18 13:00:00', '2020-12-30 08:00:00', 23040, 1440, 0, 'Wanted: Shaffar\'s Wondrous Pendant', 0);
INSERT INTO `game_event` (`entry`, `start_time`, `end_time`, `occurence`, `length`, `holiday`, `description`, `world_event`) VALUES (103, '2008-11-19 13:00:00', '2020-12-30 08:00:00', 23040, 1440, 0, 'Wanted: The Epoch Hunter\'s Head', 0);
INSERT INTO `game_event` (`entry`, `start_time`, `end_time`, `occurence`, `length`, `holiday`, `description`, `world_event`) VALUES (104, '2008-11-20 13:00:00', '2020-12-30 08:00:00', 23040, 1440, 0, 'Wanted: The Headfeathers of Ikiss', 0);
INSERT INTO `game_event` (`entry`, `start_time`, `end_time`, `occurence`, `length`, `holiday`, `description`, `world_event`) VALUES (105, '2008-11-21 13:00:00', '2020-12-30 08:00:00', 23040, 1440, 0, 'Wanted: Murmur\'s Whisper', 0);
INSERT INTO `game_event` (`entry`, `start_time`, `end_time`, `occurence`, `length`, `holiday`, `description`, `world_event`) VALUES (106, '2008-11-22 13:00:00', '2020-12-30 08:00:00', 23040, 1440, 0, 'Wanted: The Scroll of Skyriss', 0);
INSERT INTO `game_event` (`entry`, `start_time`, `end_time`, `occurence`, `length`, `holiday`, `description`, `world_event`) VALUES (107, '2008-11-23 13:00:00', '2020-12-30 08:00:00', 23040, 1440, 0, 'Wanted: Keli\'dan\'s Feathered Stave', 0);
INSERT INTO `game_event` (`entry`, `start_time`, `end_time`, `occurence`, `length`, `holiday`, `description`, `world_event`) VALUES (108, '2008-11-24 13:00:00', '2020-12-30 08:00:00', 23040, 1440, 0, 'Wanted: Pathaleon\'s Projector', 0);
INSERT INTO `game_event` (`entry`, `start_time`, `end_time`, `occurence`, `length`, `holiday`, `description`, `world_event`) VALUES (109, '2008-11-25 13:00:00', '2020-12-30 08:00:00', 23040, 1440, 0, 'Wanted: The Heart of Quagmirran', 0);
INSERT INTO `game_event` (`entry`, `start_time`, `end_time`, `occurence`, `length`, `holiday`, `description`, `world_event`) VALUES (110, '2008-11-26 13:00:00', '2020-12-30 08:00:00', 23040, 1440, 0, 'Wanted: The Warlord\'s Treatise', 0);
INSERT INTO `game_event` (`entry`, `start_time`, `end_time`, `occurence`, `length`, `holiday`, `description`, `world_event`) VALUES (111, '2008-11-27 13:00:00', '2020-12-30 08:00:00', 23040, 1440, 0, 'Wanted: A Black Stalker Egg', 0);
INSERT INTO `game_event` (`entry`, `start_time`, `end_time`, `occurence`, `length`, `holiday`, `description`, `world_event`) VALUES (112, '2008-11-28 13:00:00', '2020-12-30 08:00:00', 23040, 1440, 0, 'Wanted: Aeonus\'s Hourglass', 0);
INSERT INTO `game_event` (`entry`, `start_time`, `end_time`, `occurence`, `length`, `holiday`, `description`, `world_event`) VALUES (113, '2008-11-29 13:00:00', '2020-12-30 08:00:00', 23040, 1440, 0, 'Wanted: A Warp Splinter Clipping', 0);
INSERT INTO `game_event` (`entry`, `start_time`, `end_time`, `occurence`, `length`, `holiday`, `description`, `world_event`) VALUES (114, '2008-11-30 13:00:00', '2020-12-30 08:00:00', 23040, 1440, 0, 'Wanted: Bladefist\'s Seal', 0);
INSERT INTO `game_event` (`entry`, `start_time`, `end_time`, `occurence`, `length`, `holiday`, `description`, `world_event`) VALUES (115, '2008-12-01 13:00:00', '2020-12-30 08:00:00', 1440, 1440, 0, 'Wanted: The Signet Ring of Prince Kael\'thas ', 0);
INSERT INTO `game_event` (`entry`, `start_time`, `end_time`, `occurence`, `length`, `holiday`, `description`, `world_event`) VALUES (116, '2008-11-16 13:00:00', '2020-12-30 08:00:00', 11520, 1440, 0, 'Wanted: Coilfang Myrmidons', 0);
INSERT INTO `game_event` (`entry`, `start_time`, `end_time`, `occurence`, `length`, `holiday`, `description`, `world_event`) VALUES (117, '2008-11-17 13:00:00', '2020-12-30 08:00:00', 11520, 1440, 0, 'Wanted: Shattered Hand Centurions', 0);
INSERT INTO `game_event` (`entry`, `start_time`, `end_time`, `occurence`, `length`, `holiday`, `description`, `world_event`) VALUES (118, '2008-11-18 13:00:00', '2020-12-30 08:00:00', 11520, 1440, 0, 'Wanted: Tempest-Forge Destroyers', 0);
INSERT INTO `game_event` (`entry`, `start_time`, `end_time`, `occurence`, `length`, `holiday`, `description`, `world_event`) VALUES (119, '2008-11-19 13:00:00', '2020-12-30 08:00:00', 11520, 1440, 0, 'Wanted: Sunseeker Channelers', 0);
INSERT INTO `game_event` (`entry`, `start_time`, `end_time`, `occurence`, `length`, `holiday`, `description`, `world_event`) VALUES (120, '2008-11-20 13:00:00', '2020-12-30 08:00:00', 11520, 1440, 0, 'Wanted: Rift Lords', 0);
INSERT INTO `game_event` (`entry`, `start_time`, `end_time`, `occurence`, `length`, `holiday`, `description`, `world_event`) VALUES (121, '2008-11-21 13:00:00', '2020-12-30 08:00:00', 11520, 1440, 0, 'Wanted: Arcatraz Sentinels', 0);
INSERT INTO `game_event` (`entry`, `start_time`, `end_time`, `occurence`, `length`, `holiday`, `description`, `world_event`) VALUES (122, '2008-11-22 13:00:00', '2020-12-30 08:00:00', 11520, 1440, 0, 'Wanted: Malicious Instructors', 0);
INSERT INTO `game_event` (`entry`, `start_time`, `end_time`, `occurence`, `length`, `holiday`, `description`, `world_event`) VALUES (123, '2008-11-23 13:00:00', '2020-12-30 08:00:00', 11520, 1440, 0, 'Wanted: Sisters of Torment', 0);
INSERT INTO `game_event` (`entry`, `start_time`, `end_time`, `occurence`, `length`, `holiday`, `description`, `world_event`) VALUES (50, '0000-00-00 00:00:00', '0000-00-00 00:00:00', 5184000, 2592000, 0, 'Wintergrasp Alliance Defence', 5);
INSERT INTO `game_event` (`entry`, `start_time`, `end_time`, `occurence`, `length`, `holiday`, `description`, `world_event`) VALUES (51, '0000-00-00 00:00:00', '0000-00-00 00:00:00', 5184000, 2592000, 0, 'Wintergrasp Horde Defence', 5);

TRUNCATE `game_event_battleground_holiday`;
INSERT INTO `game_event_battleground_holiday` (`event`, `bgflag`) VALUES (18, 2);
INSERT INTO `game_event_battleground_holiday` (`event`, `bgflag`) VALUES (19, 4);
INSERT INTO `game_event_battleground_holiday` (`event`, `bgflag`) VALUES (20, 8);
INSERT INTO `game_event_battleground_holiday` (`event`, `bgflag`) VALUES (21, 128);

TRUNCATE `game_event_condition`;
INSERT INTO `game_event_condition` (`event_id`, `condition_id`, `req_num`, `max_world_state_field`, `done_world_state_field`, `description`) VALUES (35, 1, 100, 0, 3244, '');
INSERT INTO `game_event_condition` (`event_id`, `condition_id`, `req_num`, `max_world_state_field`, `done_world_state_field`, `description`) VALUES (36, 1, 1, 0, 0, '');
INSERT INTO `game_event_condition` (`event_id`, `condition_id`, `req_num`, `max_world_state_field`, `done_world_state_field`, `description`) VALUES (37, 1, 100, 0, 3233, '');
INSERT INTO `game_event_condition` (`event_id`, `condition_id`, `req_num`, `max_world_state_field`, `done_world_state_field`, `description`) VALUES (38, 1, 1, 0, 0, '');
INSERT INTO `game_event_condition` (`event_id`, `condition_id`, `req_num`, `max_world_state_field`, `done_world_state_field`, `description`) VALUES (39, 1, 100, 0, 0, '');
INSERT INTO `game_event_condition` (`event_id`, `condition_id`, `req_num`, `max_world_state_field`, `done_world_state_field`, `description`) VALUES (40, 1, 1, 0, 0, '');
INSERT INTO `game_event_condition` (`event_id`, `condition_id`, `req_num`, `max_world_state_field`, `done_world_state_field`, `description`) VALUES (41, 1, 100, 0, 0, '');
INSERT INTO `game_event_condition` (`event_id`, `condition_id`, `req_num`, `max_world_state_field`, `done_world_state_field`, `description`) VALUES (42, 1, 1, 0, 0, '');
INSERT INTO `game_event_condition` (`event_id`, `condition_id`, `req_num`, `max_world_state_field`, `done_world_state_field`, `description`) VALUES (43, 1, 100, 0, 0, '');
INSERT INTO `game_event_condition` (`event_id`, `condition_id`, `req_num`, `max_world_state_field`, `done_world_state_field`, `description`) VALUES (44, 1, 1, 0, 0, '');
INSERT INTO `game_event_condition` (`event_id`, `condition_id`, `req_num`, `max_world_state_field`, `done_world_state_field`, `description`) VALUES (45, 1, 100, 0, 0, '');
INSERT INTO `game_event_condition` (`event_id`, `condition_id`, `req_num`, `max_world_state_field`, `done_world_state_field`, `description`) VALUES (46, 1, 1, 0, 0, '');
INSERT INTO `game_event_condition` (`event_id`, `condition_id`, `req_num`, `max_world_state_field`, `done_world_state_field`, `description`) VALUES (47, 1, 1e+006, 0, 0, '');
INSERT INTO `game_event_condition` (`event_id`, `condition_id`, `req_num`, `max_world_state_field`, `done_world_state_field`, `description`) VALUES (48, 1, 1, 0, 0, '');
INSERT INTO `game_event_condition` (`event_id`, `condition_id`, `req_num`, `max_world_state_field`, `done_world_state_field`, `description`) VALUES (49, 1, 1, 0, 0, '');

-- Guid is converted.
TRUNCATE `game_event_npcflag`;
INSERT INTO `game_event_npcflag` (`guid`, `event_id`, `npcflag`) VALUES (99960, 44, 4224);

-- Guids are converted
TRUNCATE `game_event_npc_gossip`;
INSERT INTO `game_event_npc_gossip` (`guid`, `event_id`, `textid`) VALUES (100304, 35, 12260);
INSERT INTO `game_event_npc_gossip` (`guid`, `event_id`, `textid`) VALUES (100301, 35, 12240);
INSERT INTO `game_event_npc_gossip` (`guid`, `event_id`, `textid`) VALUES (99974, 37, 12255);
INSERT INTO `game_event_npc_gossip` (`guid`, `event_id`, `textid`) VALUES (99973, 37, 12257);
INSERT INTO `game_event_npc_gossip` (`guid`, `event_id`, `textid`) VALUES (100309, 39, 12226);
INSERT INTO `game_event_npc_gossip` (`guid`, `event_id`, `textid`) VALUES (99969, 41, 12319);
INSERT INTO `game_event_npc_gossip` (`guid`, `event_id`, `textid`) VALUES (99967, 41, 12339);
INSERT INTO `game_event_npc_gossip` (`guid`, `event_id`, `textid`) VALUES (99960, 43, 12285);
INSERT INTO `game_event_npc_gossip` (`guid`, `event_id`, `textid`) VALUES (31054, 47, 12322);
INSERT INTO `game_event_npc_gossip` (`guid`, `event_id`, `textid`) VALUES (52375, 47, 12322);

-- Guids are converted
TRUNCATE `game_event_npc_vendor`;
INSERT INTO `game_event_npc_vendor` (`event`, `guid`, `item`, `maxcount`, `incrtime`, `ExtendedCost`) VALUES (44, 99960, 34887, 0, 0, 2059);
INSERT INTO `game_event_npc_vendor` (`event`, `guid`, `item`, `maxcount`, `incrtime`, `ExtendedCost`) VALUES (44, 99960, 34888, 0, 0, 2059);
INSERT INTO `game_event_npc_vendor` (`event`, `guid`, `item`, `maxcount`, `incrtime`, `ExtendedCost`) VALUES (44, 99960, 34889, 0, 0, 2059);
INSERT INTO `game_event_npc_vendor` (`event`, `guid`, `item`, `maxcount`, `incrtime`, `ExtendedCost`) VALUES (44, 99960, 34890, 0, 0, 2059);
INSERT INTO `game_event_npc_vendor` (`event`, `guid`, `item`, `maxcount`, `incrtime`, `ExtendedCost`) VALUES (44, 99960, 34891, 0, 0, 2329);
INSERT INTO `game_event_npc_vendor` (`event`, `guid`, `item`, `maxcount`, `incrtime`, `ExtendedCost`) VALUES (44, 99960, 34892, 0, 0, 2329);
INSERT INTO `game_event_npc_vendor` (`event`, `guid`, `item`, `maxcount`, `incrtime`, `ExtendedCost`) VALUES (44, 99960, 34893, 0, 0, 2331);
INSERT INTO `game_event_npc_vendor` (`event`, `guid`, `item`, `maxcount`, `incrtime`, `ExtendedCost`) VALUES (44, 99960, 34894, 0, 0, 2331);
INSERT INTO `game_event_npc_vendor` (`event`, `guid`, `item`, `maxcount`, `incrtime`, `ExtendedCost`) VALUES (44, 99960, 34895, 0, 0, 2329);
INSERT INTO `game_event_npc_vendor` (`event`, `guid`, `item`, `maxcount`, `incrtime`, `ExtendedCost`) VALUES (44, 99960, 34896, 0, 0, 2329);
INSERT INTO `game_event_npc_vendor` (`event`, `guid`, `item`, `maxcount`, `incrtime`, `ExtendedCost`) VALUES (44, 99960, 34898, 0, 0, 2329);
INSERT INTO `game_event_npc_vendor` (`event`, `guid`, `item`, `maxcount`, `incrtime`, `ExtendedCost`) VALUES (44, 99960, 34900, 0, 0, 2333);
INSERT INTO `game_event_npc_vendor` (`event`, `guid`, `item`, `maxcount`, `incrtime`, `ExtendedCost`) VALUES (44, 99960, 34901, 0, 0, 2333);
INSERT INTO `game_event_npc_vendor` (`event`, `guid`, `item`, `maxcount`, `incrtime`, `ExtendedCost`) VALUES (44, 99960, 34902, 0, 0, 2049);
INSERT INTO `game_event_npc_vendor` (`event`, `guid`, `item`, `maxcount`, `incrtime`, `ExtendedCost`) VALUES (44, 99960, 34903, 0, 0, 2333);
INSERT INTO `game_event_npc_vendor` (`event`, `guid`, `item`, `maxcount`, `incrtime`, `ExtendedCost`) VALUES (44, 99960, 34904, 0, 0, 2049);
INSERT INTO `game_event_npc_vendor` (`event`, `guid`, `item`, `maxcount`, `incrtime`, `ExtendedCost`) VALUES (44, 99960, 34905, 0, 0, 2333);
INSERT INTO `game_event_npc_vendor` (`event`, `guid`, `item`, `maxcount`, `incrtime`, `ExtendedCost`) VALUES (44, 99960, 34906, 0, 0, 2333);
INSERT INTO `game_event_npc_vendor` (`event`, `guid`, `item`, `maxcount`, `incrtime`, `ExtendedCost`) VALUES (44, 99960, 34910, 0, 0, 2333);
INSERT INTO `game_event_npc_vendor` (`event`, `guid`, `item`, `maxcount`, `incrtime`, `ExtendedCost`) VALUES (44, 99960, 34911, 0, 0, 2049);
INSERT INTO `game_event_npc_vendor` (`event`, `guid`, `item`, `maxcount`, `incrtime`, `ExtendedCost`) VALUES (44, 99960, 34912, 0, 0, 2333);
INSERT INTO `game_event_npc_vendor` (`event`, `guid`, `item`, `maxcount`, `incrtime`, `ExtendedCost`) VALUES (44, 99960, 34914, 0, 0, 2333);
INSERT INTO `game_event_npc_vendor` (`event`, `guid`, `item`, `maxcount`, `incrtime`, `ExtendedCost`) VALUES (44, 99960, 34916, 0, 0, 2049);
INSERT INTO `game_event_npc_vendor` (`event`, `guid`, `item`, `maxcount`, `incrtime`, `ExtendedCost`) VALUES (44, 99960, 34917, 0, 0, 2333);
INSERT INTO `game_event_npc_vendor` (`event`, `guid`, `item`, `maxcount`, `incrtime`, `ExtendedCost`) VALUES (44, 99960, 34918, 0, 0, 2333);
INSERT INTO `game_event_npc_vendor` (`event`, `guid`, `item`, `maxcount`, `incrtime`, `ExtendedCost`) VALUES (44, 99960, 34919, 0, 0, 2049);
INSERT INTO `game_event_npc_vendor` (`event`, `guid`, `item`, `maxcount`, `incrtime`, `ExtendedCost`) VALUES (44, 99960, 34921, 0, 0, 2333);
INSERT INTO `game_event_npc_vendor` (`event`, `guid`, `item`, `maxcount`, `incrtime`, `ExtendedCost`) VALUES (44, 99960, 34922, 0, 0, 2333);
INSERT INTO `game_event_npc_vendor` (`event`, `guid`, `item`, `maxcount`, `incrtime`, `ExtendedCost`) VALUES (44, 99960, 34923, 0, 0, 2049);
INSERT INTO `game_event_npc_vendor` (`event`, `guid`, `item`, `maxcount`, `incrtime`, `ExtendedCost`) VALUES (44, 99960, 34924, 0, 0, 2333);
INSERT INTO `game_event_npc_vendor` (`event`, `guid`, `item`, `maxcount`, `incrtime`, `ExtendedCost`) VALUES (44, 99960, 34925, 0, 0, 2333);
INSERT INTO `game_event_npc_vendor` (`event`, `guid`, `item`, `maxcount`, `incrtime`, `ExtendedCost`) VALUES (44, 99960, 34926, 0, 0, 2049);
INSERT INTO `game_event_npc_vendor` (`event`, `guid`, `item`, `maxcount`, `incrtime`, `ExtendedCost`) VALUES (44, 99960, 34927, 0, 0, 2333);
INSERT INTO `game_event_npc_vendor` (`event`, `guid`, `item`, `maxcount`, `incrtime`, `ExtendedCost`) VALUES (44, 99960, 34928, 0, 0, 2333);
INSERT INTO `game_event_npc_vendor` (`event`, `guid`, `item`, `maxcount`, `incrtime`, `ExtendedCost`) VALUES (44, 99960, 34929, 0, 0, 2049);
INSERT INTO `game_event_npc_vendor` (`event`, `guid`, `item`, `maxcount`, `incrtime`, `ExtendedCost`) VALUES (44, 99960, 34930, 0, 0, 2333);
INSERT INTO `game_event_npc_vendor` (`event`, `guid`, `item`, `maxcount`, `incrtime`, `ExtendedCost`) VALUES (44, 99960, 34931, 0, 0, 2333);
INSERT INTO `game_event_npc_vendor` (`event`, `guid`, `item`, `maxcount`, `incrtime`, `ExtendedCost`) VALUES (44, 99960, 34932, 0, 0, 2049);
INSERT INTO `game_event_npc_vendor` (`event`, `guid`, `item`, `maxcount`, `incrtime`, `ExtendedCost`) VALUES (44, 99960, 34933, 0, 0, 2333);
INSERT INTO `game_event_npc_vendor` (`event`, `guid`, `item`, `maxcount`, `incrtime`, `ExtendedCost`) VALUES (44, 99960, 34934, 0, 0, 2333);
INSERT INTO `game_event_npc_vendor` (`event`, `guid`, `item`, `maxcount`, `incrtime`, `ExtendedCost`) VALUES (44, 99960, 34935, 0, 0, 2049);
INSERT INTO `game_event_npc_vendor` (`event`, `guid`, `item`, `maxcount`, `incrtime`, `ExtendedCost`) VALUES (44, 99960, 34936, 0, 0, 2333);
INSERT INTO `game_event_npc_vendor` (`event`, `guid`, `item`, `maxcount`, `incrtime`, `ExtendedCost`) VALUES (44, 99960, 34937, 0, 0, 2333);
INSERT INTO `game_event_npc_vendor` (`event`, `guid`, `item`, `maxcount`, `incrtime`, `ExtendedCost`) VALUES (44, 99960, 34938, 0, 0, 2049);
INSERT INTO `game_event_npc_vendor` (`event`, `guid`, `item`, `maxcount`, `incrtime`, `ExtendedCost`) VALUES (44, 99960, 34939, 0, 0, 2333);
INSERT INTO `game_event_npc_vendor` (`event`, `guid`, `item`, `maxcount`, `incrtime`, `ExtendedCost`) VALUES (44, 99960, 34940, 0, 0, 2333);
INSERT INTO `game_event_npc_vendor` (`event`, `guid`, `item`, `maxcount`, `incrtime`, `ExtendedCost`) VALUES (44, 99960, 34941, 0, 0, 2049);
INSERT INTO `game_event_npc_vendor` (`event`, `guid`, `item`, `maxcount`, `incrtime`, `ExtendedCost`) VALUES (44, 99960, 34942, 0, 0, 2333);
INSERT INTO `game_event_npc_vendor` (`event`, `guid`, `item`, `maxcount`, `incrtime`, `ExtendedCost`) VALUES (44, 99960, 34943, 0, 0, 2333);
INSERT INTO `game_event_npc_vendor` (`event`, `guid`, `item`, `maxcount`, `incrtime`, `ExtendedCost`) VALUES (44, 99960, 34944, 0, 0, 2049);
INSERT INTO `game_event_npc_vendor` (`event`, `guid`, `item`, `maxcount`, `incrtime`, `ExtendedCost`) VALUES (44, 99960, 34945, 0, 0, 2333);
INSERT INTO `game_event_npc_vendor` (`event`, `guid`, `item`, `maxcount`, `incrtime`, `ExtendedCost`) VALUES (44, 99960, 34946, 0, 0, 2333);
INSERT INTO `game_event_npc_vendor` (`event`, `guid`, `item`, `maxcount`, `incrtime`, `ExtendedCost`) VALUES (44, 99960, 34947, 0, 0, 2049);
INSERT INTO `game_event_npc_vendor` (`event`, `guid`, `item`, `maxcount`, `incrtime`, `ExtendedCost`) VALUES (44, 99960, 34949, 0, 0, 2332);
INSERT INTO `game_event_npc_vendor` (`event`, `guid`, `item`, `maxcount`, `incrtime`, `ExtendedCost`) VALUES (44, 99960, 34950, 0, 0, 2332);
INSERT INTO `game_event_npc_vendor` (`event`, `guid`, `item`, `maxcount`, `incrtime`, `ExtendedCost`) VALUES (44, 99960, 34951, 0, 0, 2332);
INSERT INTO `game_event_npc_vendor` (`event`, `guid`, `item`, `maxcount`, `incrtime`, `ExtendedCost`) VALUES (44, 99960, 34952, 0, 0, 2332);

TRUNCATE `game_event_prerequisite`;
INSERT INTO `game_event_prerequisite` (`event_id`, `prerequisite_event`) VALUES (36, 35);
INSERT INTO `game_event_prerequisite` (`event_id`, `prerequisite_event`) VALUES (37, 35);
INSERT INTO `game_event_prerequisite` (`event_id`, `prerequisite_event`) VALUES (38, 37);
INSERT INTO `game_event_prerequisite` (`event_id`, `prerequisite_event`) VALUES (39, 35);
INSERT INTO `game_event_prerequisite` (`event_id`, `prerequisite_event`) VALUES (40, 39);
INSERT INTO `game_event_prerequisite` (`event_id`, `prerequisite_event`) VALUES (41, 37);
INSERT INTO `game_event_prerequisite` (`event_id`, `prerequisite_event`) VALUES (42, 41);
INSERT INTO `game_event_prerequisite` (`event_id`, `prerequisite_event`) VALUES (43, 37);
INSERT INTO `game_event_prerequisite` (`event_id`, `prerequisite_event`) VALUES (44, 43);
INSERT INTO `game_event_prerequisite` (`event_id`, `prerequisite_event`) VALUES (45, 41);
INSERT INTO `game_event_prerequisite` (`event_id`, `prerequisite_event`) VALUES (46, 45);
INSERT INTO `game_event_prerequisite` (`event_id`, `prerequisite_event`) VALUES (47, 41);
INSERT INTO `game_event_prerequisite` (`event_id`, `prerequisite_event`) VALUES (48, 47);
INSERT INTO `game_event_prerequisite` (`event_id`, `prerequisite_event`) VALUES (49, 45);
INSERT INTO `game_event_prerequisite` (`event_id`, `prerequisite_event`) VALUES (49, 47);

TRUNCATE `game_event_quest_condition`;
INSERT INTO `game_event_quest_condition` (`quest`, `event_id`, `condition_id`, `num`) VALUES (11524, 35, 1, 100);
INSERT INTO `game_event_quest_condition` (`quest`, `event_id`, `condition_id`, `num`) VALUES (11496, 35, 1, 100);
INSERT INTO `game_event_quest_condition` (`quest`, `event_id`, `condition_id`, `num`) VALUES (11538, 37, 1, 100);
INSERT INTO `game_event_quest_condition` (`quest`, `event_id`, `condition_id`, `num`) VALUES (11532, 37, 1, 100);
INSERT INTO `game_event_quest_condition` (`quest`, `event_id`, `condition_id`, `num`) VALUES (11513, 39, 1, 100);
INSERT INTO `game_event_quest_condition` (`quest`, `event_id`, `condition_id`, `num`) VALUES (11542, 41, 1, 100);
INSERT INTO `game_event_quest_condition` (`quest`, `event_id`, `condition_id`, `num`) VALUES (11539, 41, 1, 100);
INSERT INTO `game_event_quest_condition` (`quest`, `event_id`, `condition_id`, `num`) VALUES (11535, 43, 1, 100);
INSERT INTO `game_event_quest_condition` (`quest`, `event_id`, `condition_id`, `num`) VALUES (11520, 45, 1, 100);
INSERT INTO `game_event_quest_condition` (`quest`, `event_id`, `condition_id`, `num`) VALUES (11545, 47, 1, 10);
INSERT INTO `game_event_quest_condition` (`quest`, `event_id`, `condition_id`, `num`) VALUES (11549, 47, 1, 1000);